{
  "chain": [
    {
      "index": 0,
      "hash": "00dc09217f3b318b2e12e0e759675c7ecb38c64a39d9865c6c3d1237b2261057",
      "previous_hash": "0000000000000000000000000000000000000000000000000000000000000000",
      "timestamp": 1766446154.275314,
      "proposer": "0x0000000000000000000000000000000000000000",
      "f_vector": [
        1,
        1
      ],
      "transactions": [
        {
          "sender": "0x0000000000000000000000000000000000000000",
          "recipient": "0x742d35Cc6634C0532925a3b844Bc454e4438f44e",
          "value": 3524578,
          "data": "",
          "nonce": 0,
          "gas_limit": 21000,
          "signature": "",
          "read_set": [],
          "write_set": [],
          "timestamp": 1766446154.2753127
        }
      ]
    }
  ],
  "validators": {
    "validator_000": {
      "stake": 6765,
      "participation": 0,
      "blocks_proposed": 0,
      "rewards": 0.0
    },
    "validator_001": {
      "stake": 10946,
      "participation": 0,
      "blocks_proposed": 0,
      "rewards": 0.0
    },
    "validator_002": {
      "stake": 17711,
      "participation": 0,
      "blocks_proposed": 0,
      "rewards": 0.0
    },
    "validator_003": {
      "stake": 28657,
      "participation": 0,
      "blocks_proposed": 0,
      "rewards": 0.0
    },
    "validator_004": {
      "stake": 46368,
      "participation": 0,
      "blocks_proposed": 0,
      "rewards": 0.0
    },
    "validator_005": {
      "stake": 75025,
      "participation": 0,
      "blocks_proposed": 0,
      "rewards": 0.0
    },
    "validator_006": {
      "stake": 121393,
      "participation": 0,
      "blocks_proposed": 0,
      "rewards": 0.0
    },
    "validator_007": {
      "stake": 196418,
      "participation": 0,
      "blocks_proposed": 0,
      "rewards": 0.0
    },
    "validator_008": {
      "stake": 317811,
      "participation": 0,
      "blocks_proposed": 0,
      "rewards": 0.0
    },
    "validator_009": {
      "stake": 514229,
      "participation": 0,
      "blocks_proposed": 0,
      "rewards": 0.0
    }
  },
  "state": {
    "vector": [
      1,
      1
    ],
    "step": 0
  }
}