{
    "parameters": {
        "phi": 1.618033988749895,
        "slot_duration": 8,
        "epoch_duration": 2584,
        "min_validator_stake": 6765,
        "max_validator_count": 1597,
        "finality_threshold": 610
    },
    "genesis_block": {
        "hash": "c6a05977c9658a686a507fb560b8004cee12fcf96003a1fbcf4c99473a0aba53",
        "timestamp": 1766443333.0994673,
        "initial_supply": 3524578
    }
}